@OutdoorDaveGB @Cptchalkywhite @737pilotpaul @BLRAirport @DaveWallsworth Ill do my best!,comment
"@benwhitworth1 @Cptchalkywhite @737pilotpaul @BLRAirport We learned yesterday from @DaveWallsworth that the most important switch on his A380 instrument panel was his ""Foot Heater"" . I do hope you include that in your MSc !",aviation
#olacab Fix the issue at Bengaluru Airport . does it takes 1 hour to get a cab ? It's barren land no cab @BLRAirport @ANI took 1 hour to reach from Hyd now waiting for #olacab for 1 hour pathetic service .,service
@abee_law @BLRAirport @Olacabs It is!,comment
@sandeeprrao1991 @BLRAirport Unfortunately the fella in the captain‚Äôs seat wasn‚Äôt such a beauty ü§£!!,comment
@ayanpramanikET @BLRAirport @Olacabs Pretty bad it seems,service
@BLRAirport Any updates @BLRAirport ?,request
SG8719 landed at 9.10pm and to reach the baggage claim area by airline coach took 30 minutes,maintainance
Lovely lounge at the @BLRAirport dom airport! Great service by Mr. Krishna and his team! Great food,service
Lovely lounge at the @BLRAirport dom airport! Great service by Mr. Krishna and his team! Great food,service
#SpiceJet #B737-800 VT-SLC #Oregano (previously with Spicejet as VT-SGB and the same name) at #Bangalore with #GoAir VT-WAL in the background https://t.co/8sVpCu6yXQ  @flyspicejet @flyspicejetFC @BLRAirport @AvPhotoIn #aviation #planespotting #avgeek,airline_authority
@peakbengaluru @walruspay Meh! My favourite GH is when @shekhar1912 did a 1 night GH for @stoned_santa_ at @BLRAirport.  https://t.co/sATvhVKo97,service
Waiting for last 40 min at @BLRAirport for @Olacabs not a single vehicle provided after booking! What is wrong #needacab @Olacabs doesn't hv one https://t.co/PF0pXgISn7,service
@Cptchalkywhite @BLRAirport The A351 is truly a beauty!! ‚ô•Ô∏èüôè‚úàÔ∏è #GXWBD #BA118 #A351 #BLR #LHR https://t.co/Os6T4hdDsl,aviation
@BLRAirport it is great to hear announcement in Kannada after having to go airport security staff who can only speak Hindi.,service
@BLRAirport lounge - thank you Faizan Khan in lounge who assisted me to place in lounge where I could really relax! He is very courteous offered me soft drinks.. good experience üëçüôèüèª,service
@BLRAirport LOUNGE - I was impressed with Krishna‚Äôs personalized services in BLR Domestic lounge! I m an Indian Gujarati n Tea lover.. Masala tea was too good and veg puff.. it was crowded but its okay we Indians are large in numbers...thanks..,service
@AirAsiaSupport Any update  on my query please ? @AirAsiaSupport @BLRAirport,request
@AirAsiaSupport Any update  on my query please ? @AirAsiaSupport @BLRAirport,airline_authority
@Mysuru_Infra @murlibhat @KSRTC_Journeys @BLRAirport @VSOMANNA_BJP @mepratap ‡≤á‡≤°‡≥Ä ‡≤Æ‡≥à‡≤∏‡≥Ç‡≤∞‡≥Å ‡≤®‡≥á ‡≤Æ‡≤æ‡≤∞‡≥ç‡≤¨‡≤ø‡≤°‡≥Å..,comment
@PTI_News This number difference is humongous. What were the trends in prior years? What are the reasons for the boom in 2018 or the 2019 dip? @AAI_Official @DelhiAirport @BLRAirport #Airport #AirTravel #Transportation,comment
FI-NA-LLY. I think they are at least 10 years behind @BLRAirport. @aaichnairport @AAI_Official please privatise MAA,maintainance
@Mysuru_Infra @KSRTC_Journeys @BLRAirport Yes,comment
@benwhitworth1 @Cptchalkywhite @737pilotpaul @BLRAirport Hopefully the eFB performance calculations don‚Äôt take 15 years to work out Optimum üòÇ That chart interface looks Stone Age #A350,maintainance
@karnvirmundrey @JaipurAirport @AirportJaipur @BLRAirport @sandeeprrao1991 @RatiMundrey @Boeing @Airbus @IndiGo6E @ndtv They should provide a chess ‚ôü board as well,service
@Cptchalkywhite @737pilotpaul @BLRAirport I‚Äôm studying flight deck design for my MSc so this is particularly useful!  We had touch screen EFBs on a 777 I used to fly,aviation
#Loved this idea. #Carrom at the boarding gates of #Jaipur #airport.   @JaipurAirport @AirportJaipur @BLRAirport @sandeeprrao1991 #aviation #aircraft #CustomerService #sports #mondaythoughts #MondayMotivation #greatidea @RatiMundrey @Arun72604286 @Boeing @Airbus @IndiGo6E @ndtv https://t.co/4whk47cUtX,service
@benwhitworth1 @737pilotpaul @BLRAirport The touchscreens are fab particularly for performance apps and aerodrome charts,service
@Mysuru_Infra @murlibhat @KSRTC_Journeys @BLRAirport @VSOMANNA_BJP @mepratap What about Sathagalli depot ? The high class building has been built before 3 yrs but it's resting Idle,request
@Mysuru_Infra @murlibhat @KSRTC_Journeys @BLRAirport @VSOMANNA_BJP @mepratap What about Sathagalli depot ? The high class building has been built before 3 yrs but it's resting Idle,service
Hope you are safe @BLRAirport   https://t.co/RH6bpR7Pct,security
Hope you are safe @BLRAirport   https://t.co/RH6bpR7Pct,comment
A special team of Bomb disposal squad bomb sabotage team will reach Mangaluru with this @BlrCityPolice has enhanced and heightened the security arrangements fr precautionary measures @BSBommai @BLRAirport @CISFHQrs Cops heightened security at KIAL @VipinGaurnai,security
@BLRAirport From my home in Bangalore to Bangalore Airport,comment
@murlibhat @KSRTC_Journeys @BLRAirport Are Mysoreans actually getting back facilities in equal measure from @KSRTC_Journeys for the hefty price we pay? High time KSRTC develops a NEW SATELLITE BUS TERMINAL near APMC,service
@Mysuru_Infra @KSRTC_Journeys @BLRAirport Mys-Blr sector as a milch cow for #KSRTC. Fare per KM is higher than any other route in #Karnataka,service
@NaraayanKannan @Vinamralongani @TheSanjivKapoor @Uber_India @Olacabs @DelhiAirport @MoCA_GoI @BLRAirport @CSMIA_Official CSIA parking and Taxi pickup tower in summer is akin to the Auschwitz gas chambers even without the slightest of exaggeration,service
@axiaum @BLRAirport @airvistara Mehhh...is often much worse: have landed up to an hour early,airline_authority
@Mysuru_Infra @KSRTC_Journeys @BLRAirport And the buses also have been worn out for that hefty price,service
.@KSRTC_Journeys reduce the fare of #FLYBUS- Mysuru &amp; KIA @BLRAirport. 750+ RS is too much while from Manipal is 1045 RS,service
Total chaos at @BLRAirport today early morning. Toll plaza jammed with long queues due to #Fasttag issues. Security check at #Bangaloreairport inefficient to say the least taking over an hour. So many missed flights. @IndiGo6E gate staff calls after closing gate rather than befor,maintainance
@BLRAirport Is this is Airport or MTR ?üòÄüòÄ,maintainance
@IndiGo6E made about 10 passengers miss the flight at @BLRAirport as the security took 1 hour for each passenger. Now,maintainance
@IndiGo6E made about 10 passengers miss the flight at @BLRAirport as the security took 1 hour for each passenger. Now,security
@BLRAirport Hardly 3 to 4 people move in 5 mins https://t.co/XkBJ8BjNEz,maintainance
@BLRAirport Roshini devi &amp; Azhar,comment
@BLRAirport worst security check in one can ever witness for domestic flights. Do we need to wait for 45 mins? Increase the security persons.,service
@BLRAirport worst security check in one can ever witness for domestic flights. Do we need to wait for 45 mins? Increase the security persons.,security
@BLRAirport  had a great time in the Lounge.. awesome service. https://t.co/UfUl4m1DQj,service
@BLRAirport Excellent service by Ms.Roshini Devi and Azhar at the airport lounge. Good variety of food and extremely delicious as well. Thanks guys!! üòäüòä https://t.co/DOr6FPe0lL,service
@BLRAirport @MORTHIndia it is taking 20-25 mins at toll gate near Bangalore Airport at 5AM! Some may miss flights. Even though most of them are having fast tag. Its due to lack of staff and irregular Lane arrangements.,maintainance
@BLRAirport i have visited TFS lounge in Bengaluru airport,comment
@BLRAirport  It was a nice experience at BLR Longue. Thankyou Sachin for your overwhelming hospitality.  #BLRAirport  #Lounge https://t.co/nluA60lbR5,service
@BLRAirport spotted  sparrows inside airport near food court .Didnt see  carrying them boarding passes. https://t.co/WxQlm6YMCY,maintainance
@BLRAirport  Good hospitality  by crew  credits:sachin,service
@BLRAirport  Sachin  has been an amazing person hosting at Blr Airport lounge..kudos to his dedication and hospitality services.. https://t.co/ctXhjXE1fb,service
@BLRAirport does a great job at it.  Also it has to do with the ethos of the city &amp; its people. None of the BC-MC -Dalali background -‚Äòtu jaanta nahin mera baap kaun hai‚Äô Lutyens‚Äô mafia- issues here. I hope it remains that way! https://t.co/CCGOVJrFKO,maintainance
@BLRAirport  Had a great time at Bangalore airport lounge. Thank you so much for ur service #sachin ‚úåÔ∏è  Hope to see u again next time üôå https://t.co/M1eA8Xf3bo,service
@subpra @Lolita_TNIE @BSYBJP @CSogo @DGCAIndia @AAI_Official @BLRAirport @BLRAviation @MoCA_GoI @HardeepSPuri @SuratAirportSTV @NewIndianXpress @XpressBengaluru @dyamannavar @Mohan_Rngnathan 2020 in Hyd. 2022 in KA. Read properly.,comment
"Aviation Secretary PS Kharola said regulatory framework for drones to be ""extremely",aviation
@Lolita_TNIE @sandeeprrao1991 @BelagaviAirport @HariMarar @BLRAirport @NewIndianXpress @bengaluruairprt @MysuruAirport @CAPA_Aviation @BLRAviation @dyamannavar @IATA @Wings2020 No subsidies to #rich to travel in #cheap #LCC   India is 82% LCC market with billions of loss in aviation services #fail #aviation in Tier #1 #slum cities https://t.co/MrXZx7ouvV,maintainance
@Lolita_TNIE @BSYBJP @CSogo @DGCAIndia @AAI_Official @BLRAirport @BLRAviation @MoCA_GoI @HardeepSPuri @SuratAirportSTV @NewIndianXpress @XpressBengaluru @dyamannavar @Mohan_Rngnathan Karnataka could host at Hyderabad? Confusing tweet,comment
Karnataka could host Wings 2022 Asia's biggest aviation meet,maintainance
Karnataka could host Wings 2022 Asia's biggest aviation meet,aviation
@CISFHQrs @MoCA_GoI @HardeepSPuri  @BLRAirport   check in 5:15 FLIGHT BLR CCU  pnr J6DSNY spicejet Security checking tume-45 min Flight missed. No responsibly by any officer. Only public getting harassed and cheated.,maintainance
@CISFHQrs @MoCA_GoI @HardeepSPuri  @BLRAirport   check in 5:15 FLIGHT BLR CCU  pnr J6DSNY spicejet Security checking tume-45 min Flight missed. No responsibly by any officer. Only public getting harassed and cheated.,security
Thank you @BLRAirport for finding my hand baggage that got interchanged with another passenger's within a single day! Special thanks to Mr Santhosh from the lost &amp; found team and Mr Venkatesh. Absolute respect for your efficiency &amp; professionalism in tracing the bag! #BLRAirport,maintainance
@TheSanjivKapoor @Uber_India @Olacabs @BLRAirport and @KochiAirport seem to have done a decent job. Having said that,service
#Prophecy_About_SaintRampalJi  #‡§µ‡§ø‡§∂‡•ç‡§µ_‡§µ‡§ø‡§ú‡•á‡§§‡§æ_‡§∏‡§Ç‡§§ üîÆ‡§Æ‡§•‡•Å‡§∞‡§æ ‡§µ‡§æ‡§≤‡•á ‡§¨‡§æ‡§¨‡§æ ‡§ú‡§Ø‡§ó‡•Å‡§∞‡•Ç‡§¶‡•á‡§µ (‡§§‡•Å‡§≤‡§∏‡•Ä‡§¶‡§æ‡§∏) ‡§¶‡•ç‡§µ‡§æ‡§∞‡§æ ‡§∏‡§®‡•ç 7 ‡§∏‡§ø‡§§‡§Æ‡•ç‡§¨‡§∞ 1971 ‡§Æ‡•á‡§Ç ‡§è‡§ï ‡§≠‡§µ‡§ø‡§∑‡•ç‡§Ø‡§µ‡§æ‡§£‡•Ä ‡§µ‡§π ‡§Ö‡§µ‡§§‡§æ‡§∞  ‡§∏‡§§‡§ó‡•Å‡§∞‡•Å ‡§∞‡§æ‡§Æ‡§™‡§æ‡§≤ ‡§ú‡•Ä ‡§Æ‡§π‡§æ‡§∞‡§æ‡§ú ‡§ú‡•Ä ‡§™‡•Ç‡§∞‡•á 20 ‡§µ‡§∞‡•ç‡§∑ ‡§ï‡•á ‡§π‡•ã ‡§ó‡§è ‡§•‡•á‡•§ ‡§µ‡§π‡•Ä ‡§™‡•Ç‡§∞‡•ç‡§£ ‡§∏‡§Ç‡§§ ‡§π‡•à‡§Ç,comment
Thank you @BLRAirport üôèüèº #INDvAUS https://t.co/OvBe3HzwpP,comment
@BLRAirport Well,comment
@airvistara Absolutely understood. Never pointed out that it was you folks to blame. You need to read - The alignment of the aerobridge was something that the @BLRAirport could not achieve despite we being parked on the bay with one.,aviation
@airvistara Absolutely understood. Never pointed out that it was you folks to blame. You need to read - The alignment of the aerobridge was something that the @BLRAirport could not achieve despite we being parked on the bay with one.,maintainance
With or without Face ID,comment
So,comment
@BLRAirport You belong to greater responsibility for employment in Karnataka @BLRAirport As I work in and around BLR airport there are so many villages who have sacrificed their land for u,maintainance
#Most_Shocking_Prophecies üîÆ‡§´‡•ç‡§∞‡§æ‡§Ç‡§∏ ‡§ï‡•á ‡§°‡§æ‡•Ö. ‡§ú‡•Ç‡§≤‡§∞‡•ç‡§µ‡§® ‡§ï‡•á ‡§Ö‡§®‡•Å‡§∏‡§æ‡§∞ ‡§≠‡§æ‡§∞‡§§ ‡§∏‡•á ‡§â‡§†‡•Ä ‡§ú‡•ç‡§û‡§æ‡§® ‡§ï‡•Ä ‡§ß‡§æ‡§∞‡•ç‡§Æ‡§ø‡§ï ‡§ï‡•ç‡§∞‡§æ‡§Ç‡§§‡§ø ‡§®‡§æ‡§∏‡•ç‡§§‡§ø‡§ï‡§§‡§æ ‡§ï‡§æ ‡§®‡§æ‡§∂ ‡§ï‡§∞‡§ï‡•á ‡§Ü‡§Å‡§ß‡•Ä ‡§§‡•Ç‡§´‡§æ‡§® ‡§ï‡•Ä ‡§§‡§∞‡§π ‡§∏‡§Æ‡•ç‡§™‡•Ç‡§∞‡•ç‡§£ ‡§µ‡§ø‡§∂‡•ç‡§µ ‡§ï‡•ã ‡§¢‡§ï ‡§≤‡•á‡§ó‡•Ä‡•§  ‡§Ö‡§ß‡§ø‡§ï ‡§ú‡§æ‡§®‡§ï‡§æ‡§∞‡•Ä ‡§π‡•á‡§§‡•Å Sadhna TV 7 :30 pm @BLRAirport  @rajnathsingh https://t.co/RNSNe1yenr,comment
@Vinamralongani @TheSanjivKapoor @Uber_India @Olacabs @DelhiAirport @MoCA_GoI You gentlemen forget how brilliant @BLRAirport is at this very function,service
Interested in placing a advertisement in #chennaimetro #delhimetro #cricketbranding #billboard ,comment
#Most_Shocking_Prophecies üîÆ‡§Ö‡§Æ‡•á‡§∞‡§ø‡§ï‡§æ ‡§ï‡•á ‡§≠‡§µ‡§ø‡§∑‡•ç‡§µ‡§ï‡•ç‡§§‡§æ ‚Äò‚Äò‡§∂‡•ç‡§∞‡•Ä ‡§ö‡§æ‡§∞‡•ç‡§≤‡•ç‡§∏ ‡§ï‡•ç‡§≤‡§æ‡§∞‡•ç‡§ï‚Äô‚Äô ‡§ï‡•á ‡§Ö‡§®‡•Å‡§∏‡§æ‡§∞  ‡§Ø‡§π ‡§ß‡§æ‡§∞‡•ç‡§Æ‡§ø‡§ï ‡§ï‡•ç‡§∞‡§æ‡§Ç‡§§‡§ø 21 ‡§µ‡•Ä‡§Ç ‡§∏‡§¶‡•Ä ‡§ï‡•á ‡§™‡•ç‡§∞‡§•‡§Æ ‡§¶‡§∂‡§ï ‡§Æ‡•á‡§Ç ‡§∏‡§Æ‡•ç‡§™‡•Ç‡§∞‡•ç‡§£ ‡§µ‡§ø‡§∂‡•ç‡§µ ‡§ï‡•ã ‡§™‡•ç‡§∞‡§≠‡§æ‡§µ‡§ø‡§§ ‡§ï‡§∞‡•á‡§ó‡•Ä ‡§î‡§∞ ‡§Æ‡§æ‡§®‡§µ ‡§ï‡•ã ‡§Ü‡§ß‡•ç‡§Ø‡§æ‡§§‡•ç‡§Æ‡§ø‡§ï‡§§‡§æ ‡§™‡§∞ ‡§µ‡§ø‡§µ‡§∂ ‡§ï‡§∞ ‡§¶‡•á‡§ó‡•Ä‡•§‡§Ö‡§ß‡§ø‡§ï ‡§ú‡§æ‡§®‡§ï‡§æ‡§∞‡•Ä ‡§π‡•á‡§§‡•Å Sadhna TV 7: 30 pm @BLRAirport  @ndtv https://t.co/cG5IJi1Tt4,comment
@KrishKrushik @KARailway @CMofKarnataka @BSYBJP @BLRAirport Gr8 2 see it on ground &amp; awaiting 2 be functional sooner.  Now our responsibilities including various agencies e.g. @cpronammametro @BMTC_BENGALURU @Uber_Support @Olacabs r vital 2 ensure 1st &amp; last mile connectivity 2 promote airport commute by train from/to d city @dyamannavar,service
@dp_satish @CMofKarnataka @BSYBJP @BLRAirport He is better in safari. Ill fitting suit. Big size,comment
@CMofKarnataka @BSYBJP leaves for Davos from @BLRAirport . He will be taking part in #WorldEconomicForum summit. For a change,comment
Air India #Airbus #A320NEO VT-CID at #Bangalore https://t.co/28rr34V5XT @airindiain @BLRAirport @AvPhotoIn #avgeek #planespotting #aviation #airindia,aviation
@shishirar @BLRAirport Outstanding photography,maintainance
Great service! :) @BLRAirport Arun Kumar....kudos to remembering my drink! :),service
Yes..! as promised,comment
@BLRAirport with Ms. Roshini Devi. At the cool lounge at BLR. Nice ambience,service
@BLRAirport Good hospitality at BLR lounge #Roshinidevi https://t.co/Sq7i52huLj,service
@AirAsiaIndian @AirAsiaSupport @BLRAirport  #Airasiasupport  Ashish thanks a lot for on ground support !! https://t.co/8vawQR1q5d,aviation
@BLRAirport  adding photos to this wonderful stay at lounge,service
@BLRAirport  Happy with Airport lounge. Thank you for making travellers waiting time easy üòáüòä Thank you Roshni Devi for help me. https://t.co/91nruI8VxK,service
@BLRAirport any plans to have business class lane for immigration?,request
@stevesmith49 Today I shake hand with you at @BLRAirport . I just want to say u I m ur biggest fan. It was like a dream come true moment for me. Keep Scoring Tons of runs and entertain us. Looking forward for the decider #INDvsAUS,comment
@BLRAirport @shaksingh Can we get any job opportunities in BLR AIRPORT,request
@BLRAirport @shaksingh Yes I had but it to cost.The food was ü§§ü§§ü§§ü§§ü§§ü§§ü§§ü§§ü§§osm,service
@PubliquePooja Waiting for the day when will get flight options from #Bangalore to @BLRAirport . After that i will surely thanks the team.,service
https://t.co/zUHBoAVT1s @CMofKarnataka @BSYBJP ‡≤¨‡≥Ü‡≤Ç‡≤ó‡≤≥‡≥Ç‡≤∞‡≥Å @BLRAirport ‡≤ï‡≥Ü‡≤Ç‡≤™‡≥á‡≤ó‡≥å‡≤° ‡≤Ö‡≤Ç‡≤§‡≤∞‡≤∞‡≤æ‡≤∑‡≥ç‡≤ü‡≥ç‡≤∞‡≥Ä‡≤Ø ‡≤µ‡≤ø‡≤Æ‡≤æ‡≤® ‡≤®‡≤ø‡≤≤‡≥ç‡≤¶‡≤æ‡≤£‡≤ï‡≥ç‡≤ï‡≥Ü ‡≤¨‡≥Ü‡≤Ç‡≤ó‡≤≥‡≥Ç‡≤∞‡≥Å ‡≤®‡≤ó‡≤∞‡≤¶‡≤ø‡≤Ç‡≤¶ ‡≤ï‡≤°‡≤ø‡≤Æ‡≥Ü ‡≤ñ‡≤∞‡≥ç‡≤ö‡≤ø‡≤®‡≤≤‡≥ç‡≤≤‡≤ø ‡≤∏‡≥Å‡≤∞‡≤ï‡≥ç‡≤∑‡≤ø‡≤§‡≤µ‡≤æ‡≤ó‡≤ø ‡≤¨‡≥á‡≤ó‡≤®‡≥Ü ‡≤§‡≤≤‡≥Å‡≤™‡≤≤‡≥Å ‡≤∏‡≤∞‡≤≥ ‡≤®‡≤ó‡≤∞ ‡≤∞‡≥à‡≤≤‡≥Å ‡≤á‡≤¶‡≤®‡≥ç‡≤® ‡≤ú‡≤æ‡≤∞‡≤ø ‡≤Æ‡≤æ‡≤°‡≤ø‡≤¶‡≥ç‡≤∞‡≥Ü ‡≤¶‡≥Å‡≤¨‡≤æ‡≤∞‡≤ø ‡≤Æ‡≥Ü‡≤ü‡≥ç‡≤∞‡≥ã ‡≤¨‡≥á‡≤ï‡≤ø‡≤≤‡≥ç‡≤≤ ‡≤µ‡≤ø‡≤Æ‡≤æ‡≤® ‡≤®‡≤ø‡≤≤‡≥ç‡≤¶‡≤æ‡≤£‡≤¶ ‡≤∞‡≤∏‡≥ç‡≤§‡≥Ü ‡≤Æ‡≥á‡≤≤‡≥Ü ‡≤í‡≤§‡≥ç‡≤§‡≤° ‡≤ï‡≤Æ‡≥ç‡≤Æ‡≤ø ‡≤Ü‡≤ó‡≥Å‡≤§‡≥ç‡≤§‡≥Ü,comment
@VoicOfNewIndia @blrsri @kalkur_vivek @NITINKML @sudhir_san16 @ram_soc @raghuynt @Cpt_Naveen @MayaRao @NammaBengaluroo @nknairvm @ksvenu247 @AxPn @biradarsm @shashibk @Srivatsac2 @Anandagundurao @RamMoha82601373 @murali772 @kdevforum @iam_Sudip @WFRising @raghumedicon @Nitz_007 @appysrivastava @perltastic @_Ashwatthama_ @levitatingsoul @varunversion1 @BellandurJothge @btpsupporter @kiranshaw @jimkimmit @deepolice12 @dineshka @BBMPCOMM @drmsbc @SWRRLY @Tejasvi_Surya @drashwathcn @Infosys_nmurthy @NandanNilekani @PiyushGoyal @SureshAngadi_ @CMofKarnataka @rajeev_mp @HariMarar @GMSWR @drashwathcn @kappansky #RailStationNearBIAL  #ConnectivityToKempegowdaInternationalAirport On 24th Sept 2018 We Had A #Joint Meeting With #BIAL Officials In Their Administrative Office #Alpha-2 Regarding 1/2 https://t.co/aF3Ei6DiiH,comment
@Cptchalkywhite @BLRAirport Welcome to BLR üôè,comment
Avoid Airport Expressway if you are heading towards airport. Heavy traffic. Jam on the flyover.   @blrcitytraffic @BLRAirport #Bangalore https://t.co/7Qo78A6VIG,request
@kinshukkar @BOMairport @BLRAirport That's the plan ‚úåÔ∏è,comment
@KhotteDePuttar @BOMairport @BLRAirport will not disappoint.. come over üòÉ,service
@BLRAirport massive traffic jam at the airport road from esteem mall onwards...Not sure how long it is going to take to reach Airport,service
@BLRAirport Inboxed.,comment
Shared the contact details19hrs back but still no revert or action taken. Need@to be careful while boarding #Uber #olacab from #bial https://t.co/u7TTyq2v3n,request
@BLRAirport I have taken an identical suitcase at the security check that belongs to someone else. I am guessing she has my suitcase. Please can you help trace my bag.,request
,
,
,
,
,
,
,
,
,
,
,
,
,
,
,
,
,
,
,
,
,
,
,
,
,
,
,
,
,
,
,
,
,
,
,
,
,
,
,
,
,
,
,
,
,
,
,
,
,
,
,
,
,
,
,
,
,
,
,
,
,
,
,
,
,
,
,
,
,
,
,
,
,
,
,
,
,
,
,
,
,
,
,
,
,
,
,
,
,
,
,
,
,
,
,
,
,
,
,
,
,
,
,
,
,
,
,
,
,
,
,
,
,
,
,
,
,
,
,
,
,
,
,
,
,
,
,
,
,
,
,
,
,
,
,
,
,
,
,
,
,
,
,
,
,
,
,
,
,
,
,
,
,
,
,
,
,
,
,
,
,
,
,
,
,
,
,
,
,
,
,
,
,
,
,
,
,
,
,
,
,
,
,
,
,
,
,
,
,
,
,
,
,
,
,
,
,
,
,
,
,
,
,
,
,
,
,
,
,
,
,
,
,
,
,
,
,
,
,
,
,
,
,
,
,
,
,
,
,
,
,
,
,
,
,
,
,
,
,
,
,
,
,
,
,
,
,
,
,
,
,
,
,
,
,
,
,
,
,
,
,
,
,
,
,
,
,
,
,
,
,
,
,
,
,
,
,
,
,
,
,
,
,
,
,
,
,
,
,
,
,
,
,
,
,
,
,
,
,
,
,
,
,
,
,
,
,
,
,
,
,
,
,
,
,
,
,
,
,
,
,
,
,
 ,
 ,
 ,
 ,
 ,
 ,
 ,
 ,
 ,
 ,
 ,
 ,
 ,
 ,
 ,
 ,
 ,
 ,
 ,
 ,
 ,
 ,
 ,
 ,
 ,
 ,
 ,
 ,
 ,
 ,
 ,
 ,
 ,
 ,
 ,
 ,
 ,
 ,
 ,
 ,
 ,
 ,
 ,
 ,
 ,
 ,
 ,
 ,
 ,
 ,
 ,
 ,
 ,
 ,
 ,
 ,
 ,
 ,
 ,
 ,
 ,
 ,
 ,
 ,
 ,
 ,
 ,
 ,
 ,
 ,
 ,
 ,
 ,
 ,
 ,
 ,
 ,
 ,
 ,
 ,
 ,
 ,
 ,
 ,
 ,
 ,
 ,
 ,
 ,
 ,
 ,
 ,
 ,
 ,
 ,
 ,
 ,
 ,
 ,
 ,
 ,
